index,adc_code_8bit,voltage
0,0,-5.0
1,0,-5.0
2,217,3.5098039215686274
3,217,3.5098039215686274
4,217,3.5098039215686274
5,217,3.5098039215686274
6,217,3.5098039215686274
7,217,3.5098039215686274
8,217,3.5098039215686274
9,217,3.5098039215686274
10,217,3.5098039215686274
11,217,3.5098039215686274
12,217,3.5098039215686274
13,217,3.5098039215686274
14,217,3.5098039215686274
15,217,3.5098039215686274
16,217,3.5098039215686274
17,217,3.5098039215686274
18,217,3.5098039215686274
19,217,3.5098039215686274
20,217,3.5098039215686274
21,217,3.5098039215686274
22,217,3.5098039215686274
23,217,3.5098039215686274
24,217,3.5098039215686274
25,217,3.5098039215686274
26,217,3.5098039215686274
27,217,3.5098039215686274
28,217,3.5098039215686274
29,217,3.5098039215686274
30,217,3.5098039215686274
31,217,3.5098039215686274
32,217,3.5098039215686274
33,217,3.5098039215686274
34,217,3.5098039215686274
35,217,3.5098039215686274
36,217,3.5098039215686274
37,217,3.5098039215686274
38,217,3.5098039215686274
39,217,3.5098039215686274
40,217,3.5098039215686274
41,217,3.5098039215686274
42,217,3.5098039215686274
43,217,3.5098039215686274
44,217,3.5098039215686274
45,217,3.5098039215686274
46,217,3.5098039215686274
47,217,3.5098039215686274
48,217,3.5098039215686274
49,217,3.5098039215686274
50,217,3.5098039215686274
51,217,3.5098039215686274
52,217,3.5098039215686274
53,217,3.5098039215686274
54,217,3.5098039215686274
55,217,3.5098039215686274
56,217,3.5098039215686274
57,217,3.5098039215686274
58,217,3.5098039215686274
59,217,3.5098039215686274
60,217,3.5098039215686274
61,217,3.5098039215686274
62,217,3.5098039215686274
63,217,3.5098039215686274
64,217,3.5098039215686274
65,217,3.5098039215686274
66,217,3.5098039215686274
67,217,3.5098039215686274
68,217,3.5098039215686274
69,217,3.5098039215686274
70,217,3.5098039215686274
71,217,3.5098039215686274
72,217,3.5098039215686274
73,217,3.5098039215686274
74,217,3.5098039215686274
75,217,3.5098039215686274
76,217,3.5098039215686274
77,217,3.5098039215686274
78,217,3.5098039215686274
79,217,3.5098039215686274
80,217,3.5098039215686274
81,217,3.5098039215686274
82,217,3.5098039215686274
83,217,3.5098039215686274
84,217,3.5098039215686274
85,217,3.5098039215686274
86,217,3.5098039215686274
87,217,3.5098039215686274
88,217,3.5098039215686274
89,217,3.5098039215686274
90,217,3.5098039215686274
91,217,3.5098039215686274
92,217,3.5098039215686274
93,217,3.5098039215686274
94,217,3.5098039215686274
95,217,3.5098039215686274
96,217,3.5098039215686274
97,217,3.5098039215686274
98,217,3.5098039215686274
99,217,3.5098039215686274
100,217,3.5098039215686274
101,217,3.5098039215686274
102,217,3.5098039215686274
103,217,3.5098039215686274
104,217,3.5098039215686274
105,217,3.5098039215686274
106,217,3.5098039215686274
107,217,3.5098039215686274
108,217,3.5098039215686274
109,217,3.5098039215686274
110,217,3.5098039215686274
111,217,3.5098039215686274
112,217,3.5098039215686274
113,217,3.5098039215686274
114,217,3.5098039215686274
115,217,3.5098039215686274
116,217,3.5098039215686274
117,217,3.5098039215686274
118,217,3.5098039215686274
119,217,3.5098039215686274
120,217,3.5098039215686274
121,217,3.5098039215686274
122,217,3.5098039215686274
123,217,3.5098039215686274
124,217,3.5098039215686274
125,217,3.5098039215686274
126,217,3.5098039215686274
127,217,3.5098039215686274
128,217,3.5098039215686274
129,217,3.5098039215686274
130,217,3.5098039215686274
131,217,3.5098039215686274
132,217,3.5098039215686274
133,217,3.5098039215686274
134,217,3.5098039215686274
135,217,3.5098039215686274
136,217,3.5098039215686274
137,217,3.5098039215686274
138,217,3.5098039215686274
139,217,3.5098039215686274
140,217,3.5098039215686274
141,217,3.5098039215686274
142,217,3.5098039215686274
143,217,3.5098039215686274
144,217,3.5098039215686274
145,217,3.5098039215686274
146,217,3.5098039215686274
147,217,3.5098039215686274
148,217,3.5098039215686274
149,217,3.5098039215686274
150,217,3.5098039215686274
151,217,3.5098039215686274
152,217,3.5098039215686274
153,217,3.5098039215686274
154,217,3.5098039215686274
155,217,3.5098039215686274
156,217,3.5098039215686274
157,217,3.5098039215686274
158,217,3.5098039215686274
159,217,3.5098039215686274
160,217,3.5098039215686274
161,217,3.5098039215686274
162,217,3.5098039215686274
163,217,3.5098039215686274
164,217,3.5098039215686274
165,217,3.5098039215686274
166,217,3.5098039215686274
167,217,3.5098039215686274
168,217,3.5098039215686274
169,217,3.5098039215686274
170,217,3.5098039215686274
171,217,3.5098039215686274
172,217,3.5098039215686274
173,217,3.5098039215686274
174,217,3.5098039215686274
175,217,3.5098039215686274
176,217,3.5098039215686274
177,217,3.5098039215686274
178,217,3.5098039215686274
179,217,3.5098039215686274
180,217,3.5098039215686274
181,217,3.5098039215686274
182,217,3.5098039215686274
183,217,3.5098039215686274
184,217,3.5098039215686274
185,217,3.5098039215686274
186,217,3.5098039215686274
187,217,3.5098039215686274
188,217,3.5098039215686274
189,217,3.5098039215686274
190,217,3.5098039215686274
191,217,3.5098039215686274
192,217,3.5098039215686274
193,217,3.5098039215686274
194,217,3.5098039215686274
195,217,3.5098039215686274
196,217,3.5098039215686274
197,217,3.5098039215686274
198,217,3.5098039215686274
199,217,3.5098039215686274
200,217,3.5098039215686274
201,217,3.5098039215686274
202,217,3.5098039215686274
203,217,3.5098039215686274
204,217,3.5098039215686274
205,217,3.5098039215686274
206,217,3.5098039215686274
207,217,3.5098039215686274
208,217,3.5098039215686274
209,217,3.5098039215686274
210,217,3.5098039215686274
211,217,3.5098039215686274
212,217,3.5098039215686274
213,217,3.5098039215686274
214,217,3.5098039215686274
215,217,3.5098039215686274
216,217,3.5098039215686274
217,217,3.5098039215686274
218,217,3.5098039215686274
219,217,3.5098039215686274
220,217,3.5098039215686274
221,217,3.5098039215686274
222,217,3.5098039215686274
223,217,3.5098039215686274
224,217,3.5098039215686274
225,217,3.5098039215686274
226,217,3.5098039215686274
227,217,3.5098039215686274
228,217,3.5098039215686274
229,217,3.5098039215686274
230,217,3.5098039215686274
231,217,3.5098039215686274
232,217,3.5098039215686274
233,217,3.5098039215686274
234,217,3.5098039215686274
235,217,3.5098039215686274
236,217,3.5098039215686274
237,217,3.5098039215686274
238,217,3.5098039215686274
239,217,3.5098039215686274
240,217,3.5098039215686274
241,217,3.5098039215686274
242,217,3.5098039215686274
243,217,3.5098039215686274
244,217,3.5098039215686274
245,217,3.5098039215686274
246,217,3.5098039215686274
247,217,3.5098039215686274
248,217,3.5098039215686274
249,217,3.5098039215686274
250,217,3.5098039215686274
251,217,3.5098039215686274
252,217,3.5098039215686274
253,217,3.5098039215686274
254,217,3.5098039215686274
255,217,3.5098039215686274
256,217,3.5098039215686274
257,217,3.5098039215686274
258,217,3.5098039215686274
259,217,3.5098039215686274
260,217,3.5098039215686274
261,217,3.5098039215686274
262,217,3.5098039215686274
263,217,3.5098039215686274
264,217,3.5098039215686274
265,217,3.5098039215686274
266,217,3.5098039215686274
267,217,3.5098039215686274
268,217,3.5098039215686274
269,217,3.5098039215686274
270,217,3.5098039215686274
271,217,3.5098039215686274
272,217,3.5098039215686274
273,217,3.5098039215686274
274,217,3.5098039215686274
275,217,3.5098039215686274
276,217,3.5098039215686274
277,217,3.5098039215686274
278,217,3.5098039215686274
279,217,3.5098039215686274
280,217,3.5098039215686274
281,217,3.5098039215686274
282,217,3.5098039215686274
283,217,3.5098039215686274
284,217,3.5098039215686274
285,217,3.5098039215686274
286,217,3.5098039215686274
287,217,3.5098039215686274
288,217,3.5098039215686274
289,217,3.5098039215686274
290,217,3.5098039215686274
291,217,3.5098039215686274
292,217,3.5098039215686274
293,217,3.5098039215686274
294,217,3.5098039215686274
295,217,3.5098039215686274
296,217,3.5098039215686274
297,217,3.5098039215686274
298,217,3.5098039215686274
299,217,3.5098039215686274
300,217,3.5098039215686274
301,217,3.5098039215686274
302,217,3.5098039215686274
303,217,3.5098039215686274
304,217,3.5098039215686274
305,217,3.5098039215686274
306,217,3.5098039215686274
307,217,3.5098039215686274
308,217,3.5098039215686274
309,217,3.5098039215686274
310,217,3.5098039215686274
311,217,3.5098039215686274
312,217,3.5098039215686274
313,217,3.5098039215686274
314,217,3.5098039215686274
315,217,3.5098039215686274
316,217,3.5098039215686274
317,217,3.5098039215686274
318,217,3.5098039215686274
319,217,3.5098039215686274
320,217,3.5098039215686274
321,217,3.5098039215686274
322,217,3.5098039215686274
323,217,3.5098039215686274
324,217,3.5098039215686274
325,217,3.5098039215686274
326,217,3.5098039215686274
327,217,3.5098039215686274
328,217,3.5098039215686274
329,217,3.5098039215686274
330,217,3.5098039215686274
331,217,3.5098039215686274
332,217,3.5098039215686274
333,217,3.5098039215686274
334,217,3.5098039215686274
335,217,3.5098039215686274
336,217,3.5098039215686274
337,217,3.5098039215686274
338,217,3.5098039215686274
339,217,3.5098039215686274
340,217,3.5098039215686274
341,217,3.5098039215686274
342,217,3.5098039215686274
343,217,3.5098039215686274
344,217,3.5098039215686274
345,217,3.5098039215686274
346,217,3.5098039215686274
347,217,3.5098039215686274
348,217,3.5098039215686274
349,217,3.5098039215686274
350,217,3.5098039215686274
351,217,3.5098039215686274
352,217,3.5098039215686274
353,217,3.5098039215686274
354,217,3.5098039215686274
355,217,3.5098039215686274
356,217,3.5098039215686274
357,217,3.5098039215686274
358,217,3.5098039215686274
359,217,3.5098039215686274
360,217,3.5098039215686274
361,217,3.5098039215686274
362,217,3.5098039215686274
363,217,3.5098039215686274
364,217,3.5098039215686274
365,217,3.5098039215686274
366,217,3.5098039215686274
367,217,3.5098039215686274
368,217,3.5098039215686274
369,217,3.5098039215686274
370,217,3.5098039215686274
371,217,3.5098039215686274
372,217,3.5098039215686274
373,217,3.5098039215686274
374,217,3.5098039215686274
375,217,3.5098039215686274
376,217,3.5098039215686274
377,217,3.5098039215686274
378,217,3.5098039215686274
379,217,3.5098039215686274
380,217,3.5098039215686274
381,217,3.5098039215686274
382,217,3.5098039215686274
383,217,3.5098039215686274
384,217,3.5098039215686274
385,217,3.5098039215686274
386,217,3.5098039215686274
387,217,3.5098039215686274
388,217,3.5098039215686274
389,217,3.5098039215686274
390,217,3.5098039215686274
391,217,3.5098039215686274
392,217,3.5098039215686274
393,217,3.5098039215686274
394,217,3.5098039215686274
395,217,3.5098039215686274
396,217,3.5098039215686274
397,217,3.5098039215686274
398,217,3.5098039215686274
399,217,3.5098039215686274
400,217,3.5098039215686274
401,217,3.5098039215686274
402,217,3.5098039215686274
403,217,3.5098039215686274
404,217,3.5098039215686274
405,217,3.5098039215686274
406,217,3.5098039215686274
407,217,3.5098039215686274
408,217,3.5098039215686274
409,217,3.5098039215686274
410,217,3.5098039215686274
411,217,3.5098039215686274
412,217,3.5098039215686274
413,217,3.5098039215686274
414,217,3.5098039215686274
415,217,3.5098039215686274
416,217,3.5098039215686274
417,217,3.5098039215686274
418,217,3.5098039215686274
419,217,3.5098039215686274
420,217,3.5098039215686274
421,217,3.5098039215686274
422,217,3.5098039215686274
423,217,3.5098039215686274
424,217,3.5098039215686274
425,217,3.5098039215686274
426,217,3.5098039215686274
427,217,3.5098039215686274
428,217,3.5098039215686274
429,217,3.5098039215686274
430,217,3.5098039215686274
431,217,3.5098039215686274
432,217,3.5098039215686274
433,217,3.5098039215686274
434,217,3.5098039215686274
435,217,3.5098039215686274
436,217,3.5098039215686274
437,217,3.5098039215686274
438,217,3.5098039215686274
439,217,3.5098039215686274
440,217,3.5098039215686274
441,217,3.5098039215686274
442,217,3.5098039215686274
443,217,3.5098039215686274
444,217,3.5098039215686274
445,217,3.5098039215686274
446,217,3.5098039215686274
447,217,3.5098039215686274
448,217,3.5098039215686274
449,217,3.5098039215686274
450,217,3.5098039215686274
451,217,3.5098039215686274
452,217,3.5098039215686274
453,217,3.5098039215686274
454,217,3.5098039215686274
455,217,3.5098039215686274
456,217,3.5098039215686274
457,217,3.5098039215686274
458,217,3.5098039215686274
459,217,3.5098039215686274
460,217,3.5098039215686274
461,217,3.5098039215686274
462,217,3.5098039215686274
463,217,3.5098039215686274
464,217,3.5098039215686274
465,217,3.5098039215686274
466,217,3.5098039215686274
467,217,3.5098039215686274
468,217,3.5098039215686274
469,217,3.5098039215686274
470,217,3.5098039215686274
471,217,3.5098039215686274
472,217,3.5098039215686274
473,217,3.5098039215686274
474,217,3.5098039215686274
475,217,3.5098039215686274
476,217,3.5098039215686274
477,217,3.5098039215686274
478,217,3.5098039215686274
479,217,3.5098039215686274
480,217,3.5098039215686274
481,217,3.5098039215686274
482,217,3.5098039215686274
483,217,3.5098039215686274
484,217,3.5098039215686274
485,217,3.5098039215686274
486,217,3.5098039215686274
487,217,3.5098039215686274
488,217,3.5098039215686274
489,217,3.5098039215686274
490,217,3.5098039215686274
491,217,3.5098039215686274
492,217,3.5098039215686274
493,217,3.5098039215686274
494,217,3.5098039215686274
495,217,3.5098039215686274
496,217,3.5098039215686274
497,217,3.5098039215686274
498,217,3.5098039215686274
499,217,3.5098039215686274
500,217,3.5098039215686274
501,217,3.5098039215686274
502,217,3.5098039215686274
503,217,3.5098039215686274
504,217,3.5098039215686274
505,217,3.5098039215686274
506,217,3.5098039215686274
507,217,3.5098039215686274
508,217,3.5098039215686274
509,217,3.5098039215686274
510,217,3.5098039215686274
511,217,3.5098039215686274
512,217,3.5098039215686274
513,217,3.5098039215686274
514,217,3.5098039215686274
515,217,3.5098039215686274
516,217,3.5098039215686274
517,217,3.5098039215686274
518,217,3.5098039215686274
519,217,3.5098039215686274
520,217,3.5098039215686274
521,217,3.5098039215686274
522,217,3.5098039215686274
523,217,3.5098039215686274
524,217,3.5098039215686274
525,217,3.5098039215686274
526,217,3.5098039215686274
527,217,3.5098039215686274
528,217,3.5098039215686274
529,217,3.5098039215686274
530,217,3.5098039215686274
531,217,3.5098039215686274
532,217,3.5098039215686274
533,217,3.5098039215686274
534,217,3.5098039215686274
535,217,3.5098039215686274
536,217,3.5098039215686274
537,217,3.5098039215686274
538,217,3.5098039215686274
539,217,3.5098039215686274
540,217,3.5098039215686274
541,217,3.5098039215686274
542,217,3.5098039215686274
543,217,3.5098039215686274
544,217,3.5098039215686274
545,217,3.5098039215686274
546,217,3.5098039215686274
547,217,3.5098039215686274
548,217,3.5098039215686274
549,217,3.5098039215686274
550,217,3.5098039215686274
551,217,3.5098039215686274
552,217,3.5098039215686274
553,217,3.5098039215686274
554,217,3.5098039215686274
555,217,3.5098039215686274
556,217,3.5098039215686274
557,217,3.5098039215686274
558,217,3.5098039215686274
559,217,3.5098039215686274
560,217,3.5098039215686274
561,217,3.5098039215686274
562,217,3.5098039215686274
563,217,3.5098039215686274
564,217,3.5098039215686274
565,217,3.5098039215686274
566,217,3.5098039215686274
567,217,3.5098039215686274
568,217,3.5098039215686274
569,217,3.5098039215686274
570,217,3.5098039215686274
571,217,3.5098039215686274
572,217,3.5098039215686274
573,217,3.5098039215686274
574,217,3.5098039215686274
575,217,3.5098039215686274
576,217,3.5098039215686274
577,217,3.5098039215686274
578,217,3.5098039215686274
579,217,3.5098039215686274
580,217,3.5098039215686274
581,217,3.5098039215686274
582,217,3.5098039215686274
583,217,3.5098039215686274
584,217,3.5098039215686274
585,217,3.5098039215686274
586,217,3.5098039215686274
587,217,3.5098039215686274
588,217,3.5098039215686274
589,217,3.5098039215686274
590,217,3.5098039215686274
591,217,3.5098039215686274
592,217,3.5098039215686274
593,217,3.5098039215686274
594,217,3.5098039215686274
595,217,3.5098039215686274
596,217,3.5098039215686274
597,217,3.5098039215686274
598,217,3.5098039215686274
599,217,3.5098039215686274
600,217,3.5098039215686274
601,217,3.5098039215686274
602,217,3.5098039215686274
603,217,3.5098039215686274
604,217,3.5098039215686274
605,217,3.5098039215686274
606,217,3.5098039215686274
607,217,3.5098039215686274
608,217,3.5098039215686274
609,217,3.5098039215686274
610,217,3.5098039215686274
611,217,3.5098039215686274
612,217,3.5098039215686274
613,217,3.5098039215686274
614,217,3.5098039215686274
615,217,3.5098039215686274
616,217,3.5098039215686274
617,217,3.5098039215686274
618,217,3.5098039215686274
619,217,3.5098039215686274
620,217,3.5098039215686274
621,217,3.5098039215686274
622,217,3.5098039215686274
623,217,3.5098039215686274
624,217,3.5098039215686274
625,217,3.5098039215686274
626,217,3.5098039215686274
627,217,3.5098039215686274
628,217,3.5098039215686274
629,217,3.5098039215686274
630,217,3.5098039215686274
631,217,3.5098039215686274
632,217,3.5098039215686274
633,217,3.5098039215686274
634,217,3.5098039215686274
635,217,3.5098039215686274
636,217,3.5098039215686274
637,217,3.5098039215686274
638,217,3.5098039215686274
639,217,3.5098039215686274
640,217,3.5098039215686274
641,217,3.5098039215686274
642,217,3.5098039215686274
643,217,3.5098039215686274
644,217,3.5098039215686274
645,217,3.5098039215686274
646,217,3.5098039215686274
647,217,3.5098039215686274
648,217,3.5098039215686274
649,217,3.5098039215686274
650,217,3.5098039215686274
651,217,3.5098039215686274
652,217,3.5098039215686274
653,217,3.5098039215686274
654,217,3.5098039215686274
655,217,3.5098039215686274
656,217,3.5098039215686274
657,217,3.5098039215686274
658,217,3.5098039215686274
659,217,3.5098039215686274
660,217,3.5098039215686274
661,217,3.5098039215686274
662,217,3.5098039215686274
663,217,3.5098039215686274
664,217,3.5098039215686274
665,217,3.5098039215686274
666,217,3.5098039215686274
667,217,3.5098039215686274
668,217,3.5098039215686274
669,217,3.5098039215686274
670,217,3.5098039215686274
671,217,3.5098039215686274
672,217,3.5098039215686274
673,217,3.5098039215686274
674,217,3.5098039215686274
675,217,3.5098039215686274
676,217,3.5098039215686274
677,217,3.5098039215686274
678,217,3.5098039215686274
679,217,3.5098039215686274
680,217,3.5098039215686274
681,217,3.5098039215686274
682,217,3.5098039215686274
683,217,3.5098039215686274
684,217,3.5098039215686274
685,217,3.5098039215686274
686,217,3.5098039215686274
687,217,3.5098039215686274
688,217,3.5098039215686274
689,217,3.5098039215686274
690,217,3.5098039215686274
691,217,3.5098039215686274
692,217,3.5098039215686274
693,217,3.5098039215686274
694,217,3.5098039215686274
695,217,3.5098039215686274
696,217,3.5098039215686274
697,217,3.5098039215686274
698,217,3.5098039215686274
699,217,3.5098039215686274
700,217,3.5098039215686274
701,217,3.5098039215686274
702,217,3.5098039215686274
703,217,3.5098039215686274
704,217,3.5098039215686274
705,217,3.5098039215686274
706,217,3.5098039215686274
707,217,3.5098039215686274
708,217,3.5098039215686274
709,217,3.5098039215686274
710,217,3.5098039215686274
711,217,3.5098039215686274
712,217,3.5098039215686274
713,217,3.5098039215686274
714,217,3.5098039215686274
715,217,3.5098039215686274
716,217,3.5098039215686274
717,217,3.5098039215686274
718,217,3.5098039215686274
719,217,3.5098039215686274
720,217,3.5098039215686274
721,217,3.5098039215686274
722,217,3.5098039215686274
723,217,3.5098039215686274
724,217,3.5098039215686274
725,217,3.5098039215686274
726,217,3.5098039215686274
727,217,3.5098039215686274
728,217,3.5098039215686274
729,217,3.5098039215686274
730,217,3.5098039215686274
731,217,3.5098039215686274
732,217,3.5098039215686274
733,217,3.5098039215686274
734,217,3.5098039215686274
735,217,3.5098039215686274
736,217,3.5098039215686274
737,217,3.5098039215686274
738,217,3.5098039215686274
739,217,3.5098039215686274
740,217,3.5098039215686274
741,217,3.5098039215686274
742,217,3.5098039215686274
743,217,3.5098039215686274
744,217,3.5098039215686274
745,217,3.5098039215686274
746,217,3.5098039215686274
747,217,3.5098039215686274
748,217,3.5098039215686274
749,217,3.5098039215686274
750,217,3.5098039215686274
751,217,3.5098039215686274
752,217,3.5098039215686274
753,217,3.5098039215686274
754,217,3.5098039215686274
755,217,3.5098039215686274
756,217,3.5098039215686274
757,217,3.5098039215686274
758,217,3.5098039215686274
759,217,3.5098039215686274
760,217,3.5098039215686274
761,217,3.5098039215686274
762,217,3.5098039215686274
763,217,3.5098039215686274
764,217,3.5098039215686274
765,217,3.5098039215686274
766,217,3.5098039215686274
767,217,3.5098039215686274
768,217,3.5098039215686274
769,217,3.5098039215686274
770,217,3.5098039215686274
771,217,3.5098039215686274
772,217,3.5098039215686274
773,217,3.5098039215686274
774,217,3.5098039215686274
775,217,3.5098039215686274
776,217,3.5098039215686274
777,217,3.5098039215686274
778,217,3.5098039215686274
779,217,3.5098039215686274
780,217,3.5098039215686274
781,217,3.5098039215686274
782,217,3.5098039215686274
783,217,3.5098039215686274
784,217,3.5098039215686274
785,217,3.5098039215686274
786,217,3.5098039215686274
787,217,3.5098039215686274
788,217,3.5098039215686274
789,217,3.5098039215686274
790,217,3.5098039215686274
791,217,3.5098039215686274
792,217,3.5098039215686274
793,217,3.5098039215686274
794,217,3.5098039215686274
795,217,3.5098039215686274
796,217,3.5098039215686274
797,217,3.5098039215686274
798,217,3.5098039215686274
799,217,3.5098039215686274
800,217,3.5098039215686274
801,217,3.5098039215686274
802,217,3.5098039215686274
803,217,3.5098039215686274
804,217,3.5098039215686274
805,217,3.5098039215686274
806,217,3.5098039215686274
807,217,3.5098039215686274
808,217,3.5098039215686274
809,217,3.5098039215686274
810,217,3.5098039215686274
811,217,3.5098039215686274
812,217,3.5098039215686274
813,217,3.5098039215686274
814,217,3.5098039215686274
815,217,3.5098039215686274
816,217,3.5098039215686274
817,217,3.5098039215686274
818,217,3.5098039215686274
819,217,3.5098039215686274
820,217,3.5098039215686274
821,217,3.5098039215686274
822,217,3.5098039215686274
823,217,3.5098039215686274
824,217,3.5098039215686274
825,217,3.5098039215686274
826,217,3.5098039215686274
827,217,3.5098039215686274
828,217,3.5098039215686274
829,217,3.5098039215686274
830,217,3.5098039215686274
831,217,3.5098039215686274
832,217,3.5098039215686274
833,217,3.5098039215686274
834,217,3.5098039215686274
835,217,3.5098039215686274
836,217,3.5098039215686274
837,217,3.5098039215686274
838,217,3.5098039215686274
839,217,3.5098039215686274
840,217,3.5098039215686274
841,217,3.5098039215686274
842,217,3.5098039215686274
843,217,3.5098039215686274
844,217,3.5098039215686274
845,217,3.5098039215686274
846,217,3.5098039215686274
847,217,3.5098039215686274
848,217,3.5098039215686274
849,217,3.5098039215686274
850,217,3.5098039215686274
851,217,3.5098039215686274
852,217,3.5098039215686274
853,217,3.5098039215686274
854,217,3.5098039215686274
855,217,3.5098039215686274
856,217,3.5098039215686274
857,217,3.5098039215686274
858,217,3.5098039215686274
859,217,3.5098039215686274
860,217,3.5098039215686274
861,217,3.5098039215686274
862,217,3.5098039215686274
863,217,3.5098039215686274
864,217,3.5098039215686274
865,217,3.5098039215686274
866,217,3.5098039215686274
867,217,3.5098039215686274
868,217,3.5098039215686274
869,217,3.5098039215686274
870,217,3.5098039215686274
871,217,3.5098039215686274
872,217,3.5098039215686274
873,217,3.5098039215686274
874,217,3.5098039215686274
875,217,3.5098039215686274
876,217,3.5098039215686274
877,217,3.5098039215686274
878,217,3.5098039215686274
879,217,3.5098039215686274
880,217,3.5098039215686274
881,217,3.5098039215686274
882,217,3.5098039215686274
883,217,3.5098039215686274
884,217,3.5098039215686274
885,217,3.5098039215686274
886,217,3.5098039215686274
887,217,3.5098039215686274
888,217,3.5098039215686274
889,217,3.5098039215686274
890,217,3.5098039215686274
891,217,3.5098039215686274
892,217,3.5098039215686274
893,217,3.5098039215686274
894,217,3.5098039215686274
895,217,3.5098039215686274
896,217,3.5098039215686274
897,217,3.5098039215686274
898,217,3.5098039215686274
899,217,3.5098039215686274
900,217,3.5098039215686274
901,217,3.5098039215686274
902,217,3.5098039215686274
903,217,3.5098039215686274
904,217,3.5098039215686274
905,217,3.5098039215686274
906,217,3.5098039215686274
907,217,3.5098039215686274
908,217,3.5098039215686274
909,217,3.5098039215686274
910,217,3.5098039215686274
911,217,3.5098039215686274
912,217,3.5098039215686274
913,217,3.5098039215686274
914,217,3.5098039215686274
915,217,3.5098039215686274
916,217,3.5098039215686274
917,217,3.5098039215686274
918,217,3.5098039215686274
919,217,3.5098039215686274
920,217,3.5098039215686274
921,217,3.5098039215686274
922,217,3.5098039215686274
923,217,3.5098039215686274
924,217,3.5098039215686274
925,217,3.5098039215686274
926,217,3.5098039215686274
927,217,3.5098039215686274
928,217,3.5098039215686274
929,217,3.5098039215686274
930,217,3.5098039215686274
931,217,3.5098039215686274
932,217,3.5098039215686274
933,217,3.5098039215686274
934,217,3.5098039215686274
935,217,3.5098039215686274
936,217,3.5098039215686274
937,217,3.5098039215686274
938,217,3.5098039215686274
939,217,3.5098039215686274
940,217,3.5098039215686274
941,217,3.5098039215686274
942,217,3.5098039215686274
943,217,3.5098039215686274
944,217,3.5098039215686274
945,217,3.5098039215686274
946,217,3.5098039215686274
947,217,3.5098039215686274
948,217,3.5098039215686274
949,217,3.5098039215686274
950,217,3.5098039215686274
951,217,3.5098039215686274
952,217,3.5098039215686274
953,217,3.5098039215686274
954,217,3.5098039215686274
955,217,3.5098039215686274
956,217,3.5098039215686274
957,217,3.5098039215686274
958,217,3.5098039215686274
959,217,3.5098039215686274
960,217,3.5098039215686274
961,217,3.5098039215686274
962,217,3.5098039215686274
963,217,3.5098039215686274
964,217,3.5098039215686274
965,217,3.5098039215686274
966,217,3.5098039215686274
967,217,3.5098039215686274
968,217,3.5098039215686274
969,217,3.5098039215686274
970,217,3.5098039215686274
971,217,3.5098039215686274
972,217,3.5098039215686274
973,217,3.5098039215686274
974,217,3.5098039215686274
975,217,3.5098039215686274
976,217,3.5098039215686274
977,217,3.5098039215686274
978,217,3.5098039215686274
979,217,3.5098039215686274
980,217,3.5098039215686274
981,217,3.5098039215686274
982,217,3.5098039215686274
983,217,3.5098039215686274
984,217,3.5098039215686274
985,217,3.5098039215686274
986,217,3.5098039215686274
987,217,3.5098039215686274
988,217,3.5098039215686274
989,217,3.5098039215686274
990,217,3.5098039215686274
991,217,3.5098039215686274
992,217,3.5098039215686274
993,217,3.5098039215686274
994,217,3.5098039215686274
995,217,3.5098039215686274
996,217,3.5098039215686274
997,217,3.5098039215686274
998,217,3.5098039215686274
999,217,3.5098039215686274
1000,217,3.5098039215686274
1001,217,3.5098039215686274
1002,217,3.5098039215686274
1003,217,3.5098039215686274
1004,217,3.5098039215686274
1005,217,3.5098039215686274
1006,217,3.5098039215686274
1007,217,3.5098039215686274
1008,217,3.5098039215686274
1009,217,3.5098039215686274
1010,217,3.5098039215686274
1011,217,3.5098039215686274
1012,217,3.5098039215686274
1013,217,3.5098039215686274
1014,217,3.5098039215686274
1015,217,3.5098039215686274
1016,217,3.5098039215686274
1017,217,3.5098039215686274
1018,217,3.5098039215686274
1019,217,3.5098039215686274
1020,217,3.5098039215686274
1021,217,3.5098039215686274
1022,217,3.5098039215686274
1023,217,3.5098039215686274
1024,217,3.5098039215686274
1025,217,3.5098039215686274
1026,217,3.5098039215686274
1027,217,3.5098039215686274
1028,217,3.5098039215686274
1029,217,3.5098039215686274
1030,217,3.5098039215686274
1031,217,3.5098039215686274
1032,217,3.5098039215686274
1033,217,3.5098039215686274
1034,217,3.5098039215686274
1035,217,3.5098039215686274
1036,217,3.5098039215686274
1037,217,3.5098039215686274
1038,217,3.5098039215686274
1039,217,3.5098039215686274
1040,217,3.5098039215686274
1041,217,3.5098039215686274
1042,217,3.5098039215686274
1043,217,3.5098039215686274
1044,217,3.5098039215686274
1045,217,3.5098039215686274
1046,217,3.5098039215686274
1047,217,3.5098039215686274
1048,217,3.5098039215686274
1049,217,3.5098039215686274
1050,217,3.5098039215686274
1051,217,3.5098039215686274
1052,217,3.5098039215686274
1053,217,3.5098039215686274
1054,217,3.5098039215686274
1055,217,3.5098039215686274
1056,217,3.5098039215686274
1057,217,3.5098039215686274
1058,217,3.5098039215686274
1059,217,3.5098039215686274
1060,217,3.5098039215686274
1061,217,3.5098039215686274
1062,217,3.5098039215686274
1063,217,3.5098039215686274
1064,217,3.5098039215686274
1065,217,3.5098039215686274
1066,217,3.5098039215686274
1067,217,3.5098039215686274
1068,217,3.5098039215686274
1069,217,3.5098039215686274
1070,217,3.5098039215686274
1071,217,3.5098039215686274
1072,217,3.5098039215686274
1073,217,3.5098039215686274
1074,217,3.5098039215686274
1075,217,3.5098039215686274
1076,217,3.5098039215686274
1077,217,3.5098039215686274
1078,217,3.5098039215686274
1079,217,3.5098039215686274
1080,217,3.5098039215686274
1081,217,3.5098039215686274
1082,217,3.5098039215686274
1083,217,3.5098039215686274
1084,217,3.5098039215686274
1085,217,3.5098039215686274
1086,217,3.5098039215686274
1087,217,3.5098039215686274
1088,217,3.5098039215686274
1089,217,3.5098039215686274
1090,217,3.5098039215686274
1091,217,3.5098039215686274
1092,217,3.5098039215686274
1093,217,3.5098039215686274
1094,217,3.5098039215686274
1095,217,3.5098039215686274
1096,217,3.5098039215686274
1097,217,3.5098039215686274
1098,217,3.5098039215686274
1099,217,3.5098039215686274
1100,217,3.5098039215686274
1101,217,3.5098039215686274
1102,217,3.5098039215686274
1103,217,3.5098039215686274
1104,217,3.5098039215686274
1105,217,3.5098039215686274
1106,217,3.5098039215686274
1107,217,3.5098039215686274
1108,217,3.5098039215686274
1109,217,3.5098039215686274
1110,217,3.5098039215686274
1111,217,3.5098039215686274
1112,217,3.5098039215686274
1113,217,3.5098039215686274
1114,217,3.5098039215686274
1115,217,3.5098039215686274
1116,217,3.5098039215686274
1117,217,3.5098039215686274
1118,217,3.5098039215686274
1119,217,3.5098039215686274
1120,217,3.5098039215686274
1121,217,3.5098039215686274
1122,217,3.5098039215686274
1123,217,3.5098039215686274
1124,217,3.5098039215686274
1125,217,3.5098039215686274
1126,217,3.5098039215686274
1127,217,3.5098039215686274
1128,217,3.5098039215686274
1129,217,3.5098039215686274
1130,217,3.5098039215686274
1131,217,3.5098039215686274
1132,217,3.5098039215686274
1133,217,3.5098039215686274
1134,217,3.5098039215686274
1135,217,3.5098039215686274
1136,217,3.5098039215686274
1137,217,3.5098039215686274
1138,217,3.5098039215686274
1139,217,3.5098039215686274
1140,217,3.5098039215686274
1141,217,3.5098039215686274
1142,217,3.5098039215686274
1143,217,3.5098039215686274
1144,217,3.5098039215686274
1145,217,3.5098039215686274
1146,217,3.5098039215686274
1147,217,3.5098039215686274
1148,217,3.5098039215686274
1149,217,3.5098039215686274
1150,217,3.5098039215686274
1151,217,3.5098039215686274
1152,217,3.5098039215686274
1153,217,3.5098039215686274
1154,217,3.5098039215686274
1155,217,3.5098039215686274
1156,217,3.5098039215686274
1157,217,3.5098039215686274
1158,217,3.5098039215686274
1159,217,3.5098039215686274
1160,217,3.5098039215686274
1161,217,3.5098039215686274
1162,217,3.5098039215686274
1163,217,3.5098039215686274
1164,217,3.5098039215686274
1165,217,3.5098039215686274
1166,217,3.5098039215686274
1167,217,3.5098039215686274
1168,217,3.5098039215686274
1169,217,3.5098039215686274
1170,217,3.5098039215686274
1171,217,3.5098039215686274
1172,217,3.5098039215686274
1173,217,3.5098039215686274
1174,217,3.5098039215686274
1175,217,3.5098039215686274
1176,217,3.5098039215686274
1177,217,3.5098039215686274
1178,217,3.5098039215686274
1179,217,3.5098039215686274
1180,217,3.5098039215686274
1181,217,3.5098039215686274
1182,217,3.5098039215686274
1183,217,3.5098039215686274
1184,217,3.5098039215686274
1185,217,3.5098039215686274
1186,217,3.5098039215686274
1187,217,3.5098039215686274
1188,217,3.5098039215686274
1189,217,3.5098039215686274
1190,217,3.5098039215686274
1191,217,3.5098039215686274
1192,217,3.5098039215686274
1193,217,3.5098039215686274
1194,217,3.5098039215686274
1195,217,3.5098039215686274
1196,217,3.5098039215686274
1197,217,3.5098039215686274
1198,217,3.5098039215686274
1199,217,3.5098039215686274
1200,217,3.5098039215686274
1201,217,3.5098039215686274
1202,217,3.5098039215686274
1203,217,3.5098039215686274
1204,217,3.5098039215686274
1205,217,3.5098039215686274
1206,217,3.5098039215686274
1207,217,3.5098039215686274
1208,217,3.5098039215686274
1209,217,3.5098039215686274
1210,217,3.5098039215686274
1211,217,3.5098039215686274
1212,217,3.5098039215686274
1213,217,3.5098039215686274
1214,217,3.5098039215686274
1215,217,3.5098039215686274
1216,217,3.5098039215686274
1217,217,3.5098039215686274
1218,217,3.5098039215686274
1219,217,3.5098039215686274
1220,217,3.5098039215686274
1221,217,3.5098039215686274
1222,217,3.5098039215686274
1223,217,3.5098039215686274
1224,217,3.5098039215686274
1225,217,3.5098039215686274
1226,217,3.5098039215686274
1227,217,3.5098039215686274
1228,217,3.5098039215686274
1229,217,3.5098039215686274
1230,217,3.5098039215686274
1231,217,3.5098039215686274
1232,217,3.5098039215686274
1233,217,3.5098039215686274
1234,217,3.5098039215686274
1235,217,3.5098039215686274
1236,217,3.5098039215686274
1237,217,3.5098039215686274
1238,217,3.5098039215686274
1239,217,3.5098039215686274
1240,217,3.5098039215686274
1241,217,3.5098039215686274
1242,217,3.5098039215686274
1243,217,3.5098039215686274
1244,217,3.5098039215686274
1245,217,3.5098039215686274
1246,217,3.5098039215686274
1247,217,3.5098039215686274
1248,217,3.5098039215686274
1249,217,3.5098039215686274
1250,217,3.5098039215686274
1251,217,3.5098039215686274
1252,217,3.5098039215686274
1253,217,3.5098039215686274
1254,217,3.5098039215686274
1255,217,3.5098039215686274
1256,217,3.5098039215686274
1257,217,3.5098039215686274
1258,217,3.5098039215686274
1259,217,3.5098039215686274
1260,217,3.5098039215686274
1261,217,3.5098039215686274
1262,217,3.5098039215686274
1263,217,3.5098039215686274
1264,217,3.5098039215686274
1265,217,3.5098039215686274
1266,217,3.5098039215686274
1267,217,3.5098039215686274
1268,217,3.5098039215686274
1269,217,3.5098039215686274
1270,217,3.5098039215686274
1271,217,3.5098039215686274
1272,217,3.5098039215686274
1273,217,3.5098039215686274
1274,217,3.5098039215686274
1275,217,3.5098039215686274
1276,217,3.5098039215686274
1277,217,3.5098039215686274
1278,217,3.5098039215686274
1279,217,3.5098039215686274
1280,217,3.5098039215686274
1281,217,3.5098039215686274
1282,217,3.5098039215686274
1283,217,3.5098039215686274
1284,217,3.5098039215686274
1285,217,3.5098039215686274
1286,217,3.5098039215686274
1287,217,3.5098039215686274
1288,217,3.5098039215686274
1289,217,3.5098039215686274
1290,217,3.5098039215686274
1291,217,3.5098039215686274
1292,217,3.5098039215686274
1293,217,3.5098039215686274
1294,217,3.5098039215686274
1295,217,3.5098039215686274
1296,217,3.5098039215686274
1297,217,3.5098039215686274
1298,217,3.5098039215686274
1299,217,3.5098039215686274
1300,217,3.5098039215686274
1301,217,3.5098039215686274
1302,217,3.5098039215686274
1303,217,3.5098039215686274
1304,217,3.5098039215686274
1305,217,3.5098039215686274
1306,217,3.5098039215686274
1307,217,3.5098039215686274
1308,217,3.5098039215686274
1309,217,3.5098039215686274
1310,217,3.5098039215686274
1311,217,3.5098039215686274
1312,217,3.5098039215686274
1313,217,3.5098039215686274
1314,217,3.5098039215686274
1315,217,3.5098039215686274
1316,217,3.5098039215686274
1317,217,3.5098039215686274
1318,217,3.5098039215686274
1319,217,3.5098039215686274
1320,217,3.5098039215686274
1321,217,3.5098039215686274
1322,217,3.5098039215686274
1323,217,3.5098039215686274
1324,217,3.5098039215686274
1325,217,3.5098039215686274
1326,217,3.5098039215686274
1327,217,3.5098039215686274
1328,217,3.5098039215686274
1329,217,3.5098039215686274
1330,217,3.5098039215686274
1331,217,3.5098039215686274
1332,217,3.5098039215686274
1333,217,3.5098039215686274
1334,217,3.5098039215686274
1335,217,3.5098039215686274
1336,217,3.5098039215686274
1337,217,3.5098039215686274
1338,217,3.5098039215686274
1339,217,3.5098039215686274
1340,217,3.5098039215686274
1341,217,3.5098039215686274
1342,217,3.5098039215686274
1343,217,3.5098039215686274
1344,217,3.5098039215686274
1345,217,3.5098039215686274
1346,217,3.5098039215686274
1347,217,3.5098039215686274
1348,217,3.5098039215686274
1349,217,3.5098039215686274
1350,217,3.5098039215686274
1351,217,3.5098039215686274
1352,217,3.5098039215686274
1353,217,3.5098039215686274
1354,217,3.5098039215686274
1355,217,3.5098039215686274
1356,217,3.5098039215686274
1357,217,3.5098039215686274
1358,217,3.5098039215686274
1359,217,3.5098039215686274
1360,217,3.5098039215686274
1361,217,3.5098039215686274
1362,217,3.5098039215686274
1363,217,3.5098039215686274
1364,217,3.5098039215686274
1365,217,3.5098039215686274
1366,217,3.5098039215686274
1367,217,3.5098039215686274
1368,217,3.5098039215686274
1369,217,3.5098039215686274
1370,217,3.5098039215686274
1371,217,3.5098039215686274
1372,217,3.5098039215686274
1373,217,3.5098039215686274
1374,217,3.5098039215686274
1375,217,3.5098039215686274
1376,217,3.5098039215686274
1377,217,3.5098039215686274
1378,217,3.5098039215686274
1379,217,3.5098039215686274
1380,217,3.5098039215686274
1381,217,3.5098039215686274
1382,217,3.5098039215686274
1383,217,3.5098039215686274
1384,217,3.5098039215686274
1385,217,3.5098039215686274
1386,217,3.5098039215686274
1387,217,3.5098039215686274
1388,217,3.5098039215686274
1389,217,3.5098039215686274
1390,217,3.5098039215686274
1391,217,3.5098039215686274
1392,217,3.5098039215686274
1393,217,3.5098039215686274
1394,217,3.5098039215686274
1395,217,3.5098039215686274
1396,217,3.5098039215686274
1397,217,3.5098039215686274
1398,217,3.5098039215686274
1399,217,3.5098039215686274
1400,217,3.5098039215686274
1401,217,3.5098039215686274
1402,217,3.5098039215686274
1403,217,3.5098039215686274
1404,217,3.5098039215686274
1405,217,3.5098039215686274
1406,217,3.5098039215686274
1407,217,3.5098039215686274
1408,217,3.5098039215686274
1409,217,3.5098039215686274
1410,217,3.5098039215686274
1411,217,3.5098039215686274
1412,217,3.5098039215686274
1413,217,3.5098039215686274
1414,217,3.5098039215686274
1415,217,3.5098039215686274
1416,217,3.5098039215686274
1417,217,3.5098039215686274
1418,217,3.5098039215686274
1419,217,3.5098039215686274
1420,217,3.5098039215686274
1421,217,3.5098039215686274
1422,217,3.5098039215686274
1423,217,3.5098039215686274
1424,217,3.5098039215686274
1425,217,3.5098039215686274
1426,217,3.5098039215686274
1427,217,3.5098039215686274
1428,217,3.5098039215686274
1429,217,3.5098039215686274
1430,217,3.5098039215686274
1431,217,3.5098039215686274
1432,217,3.5098039215686274
1433,217,3.5098039215686274
1434,217,3.5098039215686274
1435,217,3.5098039215686274
1436,217,3.5098039215686274
1437,217,3.5098039215686274
1438,217,3.5098039215686274
1439,217,3.5098039215686274
1440,217,3.5098039215686274
1441,217,3.5098039215686274
1442,217,3.5098039215686274
1443,217,3.5098039215686274
1444,217,3.5098039215686274
1445,217,3.5098039215686274
1446,217,3.5098039215686274
1447,217,3.5098039215686274
1448,217,3.5098039215686274
1449,217,3.5098039215686274
1450,217,3.5098039215686274
1451,217,3.5098039215686274
1452,217,3.5098039215686274
1453,217,3.5098039215686274
1454,217,3.5098039215686274
1455,217,3.5098039215686274
1456,217,3.5098039215686274
1457,217,3.5098039215686274
1458,217,3.5098039215686274
1459,217,3.5098039215686274
1460,217,3.5098039215686274
1461,217,3.5098039215686274
1462,217,3.5098039215686274
1463,217,3.5098039215686274
1464,217,3.5098039215686274
1465,217,3.5098039215686274
1466,217,3.5098039215686274
1467,217,3.5098039215686274
1468,217,3.5098039215686274
1469,217,3.5098039215686274
1470,217,3.5098039215686274
1471,217,3.5098039215686274
1472,217,3.5098039215686274
1473,217,3.5098039215686274
1474,217,3.5098039215686274
1475,217,3.5098039215686274
1476,217,3.5098039215686274
1477,217,3.5098039215686274
1478,217,3.5098039215686274
1479,217,3.5098039215686274
1480,217,3.5098039215686274
1481,217,3.5098039215686274
1482,217,3.5098039215686274
1483,217,3.5098039215686274
1484,217,3.5098039215686274
1485,217,3.5098039215686274
1486,217,3.5098039215686274
1487,217,3.5098039215686274
1488,217,3.5098039215686274
1489,217,3.5098039215686274
1490,217,3.5098039215686274
1491,217,3.5098039215686274
1492,217,3.5098039215686274
1493,217,3.5098039215686274
1494,217,3.5098039215686274
1495,217,3.5098039215686274
1496,217,3.5098039215686274
1497,217,3.5098039215686274
1498,217,3.5098039215686274
1499,217,3.5098039215686274
1500,217,3.5098039215686274
1501,217,3.5098039215686274
1502,217,3.5098039215686274
1503,217,3.5098039215686274
1504,217,3.5098039215686274
1505,217,3.5098039215686274
1506,217,3.5098039215686274
1507,217,3.5098039215686274
1508,217,3.5098039215686274
1509,217,3.5098039215686274
1510,217,3.5098039215686274
1511,217,3.5098039215686274
1512,217,3.5098039215686274
1513,217,3.5098039215686274
1514,217,3.5098039215686274
1515,217,3.5098039215686274
1516,217,3.5098039215686274
1517,217,3.5098039215686274
1518,217,3.5098039215686274
1519,217,3.5098039215686274
1520,217,3.5098039215686274
1521,217,3.5098039215686274
1522,217,3.5098039215686274
1523,217,3.5098039215686274
1524,217,3.5098039215686274
1525,217,3.5098039215686274
1526,217,3.5098039215686274
1527,217,3.5098039215686274
1528,217,3.5098039215686274
1529,217,3.5098039215686274
1530,217,3.5098039215686274
1531,217,3.5098039215686274
1532,217,3.5098039215686274
1533,217,3.5098039215686274
1534,217,3.5098039215686274
1535,217,3.5098039215686274
1536,217,3.5098039215686274
1537,217,3.5098039215686274
1538,217,3.5098039215686274
1539,217,3.5098039215686274
1540,217,3.5098039215686274
1541,217,3.5098039215686274
1542,217,3.5098039215686274
1543,217,3.5098039215686274
1544,217,3.5098039215686274
1545,217,3.5098039215686274
1546,217,3.5098039215686274
1547,217,3.5098039215686274
1548,217,3.5098039215686274
1549,217,3.5098039215686274
1550,217,3.5098039215686274
1551,217,3.5098039215686274
1552,217,3.5098039215686274
1553,217,3.5098039215686274
1554,217,3.5098039215686274
1555,217,3.5098039215686274
1556,217,3.5098039215686274
1557,217,3.5098039215686274
1558,217,3.5098039215686274
1559,217,3.5098039215686274
1560,217,3.5098039215686274
1561,217,3.5098039215686274
1562,217,3.5098039215686274
1563,217,3.5098039215686274
1564,217,3.5098039215686274
1565,217,3.5098039215686274
1566,217,3.5098039215686274
1567,217,3.5098039215686274
1568,217,3.5098039215686274
1569,217,3.5098039215686274
1570,217,3.5098039215686274
1571,217,3.5098039215686274
1572,217,3.5098039215686274
1573,217,3.5098039215686274
1574,217,3.5098039215686274
1575,217,3.5098039215686274
1576,217,3.5098039215686274
1577,217,3.5098039215686274
1578,217,3.5098039215686274
1579,217,3.5098039215686274
1580,217,3.5098039215686274
1581,217,3.5098039215686274
1582,217,3.5098039215686274
1583,217,3.5098039215686274
1584,217,3.5098039215686274
1585,217,3.5098039215686274
1586,217,3.5098039215686274
1587,217,3.5098039215686274
1588,217,3.5098039215686274
1589,217,3.5098039215686274
1590,217,3.5098039215686274
1591,217,3.5098039215686274
1592,217,3.5098039215686274
1593,217,3.5098039215686274
1594,217,3.5098039215686274
1595,217,3.5098039215686274
1596,217,3.5098039215686274
1597,217,3.5098039215686274
1598,217,3.5098039215686274
1599,217,3.5098039215686274
1600,217,3.5098039215686274
1601,217,3.5098039215686274
1602,217,3.5098039215686274
1603,217,3.5098039215686274
1604,217,3.5098039215686274
1605,217,3.5098039215686274
1606,217,3.5098039215686274
1607,217,3.5098039215686274
1608,217,3.5098039215686274
1609,217,3.5098039215686274
1610,217,3.5098039215686274
1611,217,3.5098039215686274
1612,217,3.5098039215686274
1613,217,3.5098039215686274
1614,217,3.5098039215686274
1615,217,3.5098039215686274
1616,217,3.5098039215686274
1617,217,3.5098039215686274
1618,217,3.5098039215686274
1619,217,3.5098039215686274
1620,217,3.5098039215686274
1621,217,3.5098039215686274
1622,217,3.5098039215686274
1623,217,3.5098039215686274
1624,217,3.5098039215686274
1625,217,3.5098039215686274
1626,217,3.5098039215686274
1627,217,3.5098039215686274
1628,217,3.5098039215686274
1629,217,3.5098039215686274
1630,217,3.5098039215686274
1631,217,3.5098039215686274
1632,217,3.5098039215686274
1633,217,3.5098039215686274
1634,217,3.5098039215686274
1635,217,3.5098039215686274
1636,217,3.5098039215686274
1637,217,3.5098039215686274
1638,217,3.5098039215686274
1639,217,3.5098039215686274
1640,217,3.5098039215686274
1641,217,3.5098039215686274
1642,217,3.5098039215686274
1643,217,3.5098039215686274
1644,217,3.5098039215686274
1645,217,3.5098039215686274
1646,217,3.5098039215686274
1647,217,3.5098039215686274
1648,217,3.5098039215686274
1649,217,3.5098039215686274
1650,217,3.5098039215686274
1651,217,3.5098039215686274
1652,217,3.5098039215686274
1653,217,3.5098039215686274
1654,217,3.5098039215686274
1655,217,3.5098039215686274
1656,217,3.5098039215686274
1657,217,3.5098039215686274
1658,217,3.5098039215686274
1659,217,3.5098039215686274
1660,217,3.5098039215686274
1661,217,3.5098039215686274
1662,217,3.5098039215686274
1663,217,3.5098039215686274
1664,217,3.5098039215686274
1665,217,3.5098039215686274
1666,217,3.5098039215686274
1667,217,3.5098039215686274
1668,217,3.5098039215686274
1669,217,3.5098039215686274
1670,217,3.5098039215686274
1671,217,3.5098039215686274
1672,217,3.5098039215686274
1673,217,3.5098039215686274
1674,217,3.5098039215686274
1675,217,3.5098039215686274
1676,217,3.5098039215686274
1677,217,3.5098039215686274
1678,217,3.5098039215686274
1679,217,3.5098039215686274
1680,217,3.5098039215686274
1681,217,3.5098039215686274
1682,217,3.5098039215686274
1683,217,3.5098039215686274
1684,217,3.5098039215686274
1685,217,3.5098039215686274
1686,217,3.5098039215686274
1687,217,3.5098039215686274
1688,217,3.5098039215686274
1689,217,3.5098039215686274
1690,217,3.5098039215686274
1691,217,3.5098039215686274
1692,217,3.5098039215686274
1693,217,3.5098039215686274
1694,217,3.5098039215686274
1695,217,3.5098039215686274
1696,217,3.5098039215686274
1697,217,3.5098039215686274
1698,217,3.5098039215686274
1699,217,3.5098039215686274
1700,217,3.5098039215686274
1701,217,3.5098039215686274
1702,217,3.5098039215686274
1703,217,3.5098039215686274
1704,217,3.5098039215686274
1705,217,3.5098039215686274
1706,217,3.5098039215686274
1707,217,3.5098039215686274
1708,217,3.5098039215686274
1709,217,3.5098039215686274
1710,217,3.5098039215686274
1711,217,3.5098039215686274
1712,217,3.5098039215686274
1713,217,3.5098039215686274
1714,217,3.5098039215686274
1715,217,3.5098039215686274
1716,217,3.5098039215686274
1717,217,3.5098039215686274
1718,217,3.5098039215686274
1719,217,3.5098039215686274
1720,217,3.5098039215686274
1721,217,3.5098039215686274
1722,217,3.5098039215686274
1723,217,3.5098039215686274
1724,217,3.5098039215686274
1725,217,3.5098039215686274
1726,217,3.5098039215686274
1727,217,3.5098039215686274
1728,217,3.5098039215686274
1729,217,3.5098039215686274
1730,217,3.5098039215686274
1731,217,3.5098039215686274
1732,217,3.5098039215686274
1733,217,3.5098039215686274
1734,217,3.5098039215686274
1735,217,3.5098039215686274
1736,217,3.5098039215686274
1737,217,3.5098039215686274
1738,217,3.5098039215686274
1739,217,3.5098039215686274
1740,217,3.5098039215686274
1741,217,3.5098039215686274
1742,217,3.5098039215686274
1743,217,3.5098039215686274
1744,217,3.5098039215686274
1745,217,3.5098039215686274
1746,217,3.5098039215686274
1747,217,3.5098039215686274
1748,217,3.5098039215686274
1749,217,3.5098039215686274
1750,217,3.5098039215686274
1751,217,3.5098039215686274
1752,217,3.5098039215686274
1753,217,3.5098039215686274
1754,217,3.5098039215686274
1755,217,3.5098039215686274
1756,217,3.5098039215686274
1757,217,3.5098039215686274
1758,217,3.5098039215686274
1759,217,3.5098039215686274
1760,217,3.5098039215686274
1761,217,3.5098039215686274
1762,217,3.5098039215686274
1763,217,3.5098039215686274
1764,217,3.5098039215686274
1765,217,3.5098039215686274
1766,217,3.5098039215686274
1767,217,3.5098039215686274
1768,217,3.5098039215686274
1769,217,3.5098039215686274
1770,217,3.5098039215686274
1771,217,3.5098039215686274
1772,217,3.5098039215686274
1773,217,3.5098039215686274
1774,217,3.5098039215686274
1775,217,3.5098039215686274
1776,217,3.5098039215686274
1777,217,3.5098039215686274
1778,217,3.5098039215686274
1779,217,3.5098039215686274
1780,217,3.5098039215686274
1781,217,3.5098039215686274
1782,217,3.5098039215686274
1783,217,3.5098039215686274
1784,217,3.5098039215686274
1785,217,3.5098039215686274
1786,217,3.5098039215686274
1787,217,3.5098039215686274
1788,217,3.5098039215686274
1789,217,3.5098039215686274
1790,217,3.5098039215686274
1791,217,3.5098039215686274
1792,217,3.5098039215686274
1793,217,3.5098039215686274
1794,217,3.5098039215686274
1795,217,3.5098039215686274
1796,217,3.5098039215686274
1797,217,3.5098039215686274
1798,217,3.5098039215686274
1799,217,3.5098039215686274
1800,217,3.5098039215686274
1801,217,3.5098039215686274
1802,217,3.5098039215686274
1803,217,3.5098039215686274
1804,217,3.5098039215686274
1805,217,3.5098039215686274
1806,217,3.5098039215686274
1807,217,3.5098039215686274
1808,217,3.5098039215686274
1809,217,3.5098039215686274
1810,217,3.5098039215686274
1811,217,3.5098039215686274
1812,217,3.5098039215686274
1813,217,3.5098039215686274
1814,217,3.5098039215686274
1815,217,3.5098039215686274
1816,217,3.5098039215686274
1817,217,3.5098039215686274
1818,217,3.5098039215686274
1819,217,3.5098039215686274
1820,217,3.5098039215686274
1821,217,3.5098039215686274
1822,217,3.5098039215686274
1823,217,3.5098039215686274
1824,217,3.5098039215686274
1825,217,3.5098039215686274
1826,217,3.5098039215686274
1827,217,3.5098039215686274
1828,217,3.5098039215686274
1829,217,3.5098039215686274
1830,217,3.5098039215686274
1831,217,3.5098039215686274
1832,217,3.5098039215686274
1833,217,3.5098039215686274
1834,217,3.5098039215686274
1835,217,3.5098039215686274
1836,217,3.5098039215686274
1837,217,3.5098039215686274
1838,217,3.5098039215686274
1839,217,3.5098039215686274
1840,217,3.5098039215686274
1841,217,3.5098039215686274
1842,217,3.5098039215686274
1843,217,3.5098039215686274
1844,217,3.5098039215686274
1845,217,3.5098039215686274
1846,217,3.5098039215686274
1847,217,3.5098039215686274
1848,217,3.5098039215686274
1849,217,3.5098039215686274
1850,217,3.5098039215686274
1851,217,3.5098039215686274
1852,217,3.5098039215686274
1853,217,3.5098039215686274
1854,217,3.5098039215686274
1855,217,3.5098039215686274
1856,217,3.5098039215686274
1857,217,3.5098039215686274
1858,217,3.5098039215686274
1859,217,3.5098039215686274
1860,217,3.5098039215686274
1861,217,3.5098039215686274
1862,217,3.5098039215686274
1863,217,3.5098039215686274
1864,217,3.5098039215686274
1865,217,3.5098039215686274
1866,217,3.5098039215686274
1867,217,3.5098039215686274
1868,217,3.5098039215686274
1869,217,3.5098039215686274
1870,217,3.5098039215686274
1871,217,3.5098039215686274
1872,217,3.5098039215686274
1873,217,3.5098039215686274
1874,217,3.5098039215686274
1875,217,3.5098039215686274
1876,217,3.5098039215686274
1877,217,3.5098039215686274
1878,217,3.5098039215686274
1879,217,3.5098039215686274
1880,217,3.5098039215686274
1881,217,3.5098039215686274
1882,217,3.5098039215686274
1883,217,3.5098039215686274
1884,217,3.5098039215686274
1885,217,3.5098039215686274
1886,217,3.5098039215686274
1887,217,3.5098039215686274
1888,217,3.5098039215686274
1889,217,3.5098039215686274
1890,217,3.5098039215686274
1891,217,3.5098039215686274
1892,217,3.5098039215686274
1893,217,3.5098039215686274
1894,217,3.5098039215686274
1895,217,3.5098039215686274
1896,217,3.5098039215686274
1897,217,3.5098039215686274
1898,217,3.5098039215686274
1899,217,3.5098039215686274
1900,217,3.5098039215686274
1901,217,3.5098039215686274
1902,217,3.5098039215686274
1903,217,3.5098039215686274
1904,217,3.5098039215686274
1905,217,3.5098039215686274
1906,217,3.5098039215686274
1907,217,3.5098039215686274
1908,217,3.5098039215686274
1909,217,3.5098039215686274
1910,217,3.5098039215686274
1911,217,3.5098039215686274
1912,217,3.5098039215686274
1913,217,3.5098039215686274
1914,217,3.5098039215686274
1915,217,3.5098039215686274
1916,217,3.5098039215686274
1917,217,3.5098039215686274
1918,217,3.5098039215686274
1919,217,3.5098039215686274
1920,217,3.5098039215686274
1921,217,3.5098039215686274
1922,217,3.5098039215686274
1923,217,3.5098039215686274
1924,217,3.5098039215686274
1925,217,3.5098039215686274
1926,217,3.5098039215686274
1927,217,3.5098039215686274
1928,217,3.5098039215686274
1929,217,3.5098039215686274
1930,217,3.5098039215686274
1931,217,3.5098039215686274
1932,217,3.5098039215686274
1933,217,3.5098039215686274
1934,217,3.5098039215686274
1935,217,3.5098039215686274
1936,217,3.5098039215686274
1937,217,3.5098039215686274
1938,217,3.5098039215686274
1939,217,3.5098039215686274
1940,217,3.5098039215686274
1941,217,3.5098039215686274
1942,217,3.5098039215686274
1943,217,3.5098039215686274
1944,217,3.5098039215686274
1945,217,3.5098039215686274
1946,217,3.5098039215686274
1947,217,3.5098039215686274
1948,217,3.5098039215686274
1949,217,3.5098039215686274
1950,217,3.5098039215686274
1951,217,3.5098039215686274
1952,217,3.5098039215686274
1953,217,3.5098039215686274
1954,217,3.5098039215686274
1955,217,3.5098039215686274
1956,217,3.5098039215686274
1957,217,3.5098039215686274
1958,217,3.5098039215686274
1959,217,3.5098039215686274
1960,217,3.5098039215686274
1961,217,3.5098039215686274
1962,217,3.5098039215686274
1963,217,3.5098039215686274
1964,217,3.5098039215686274
1965,217,3.5098039215686274
1966,217,3.5098039215686274
1967,217,3.5098039215686274
1968,217,3.5098039215686274
1969,217,3.5098039215686274
1970,217,3.5098039215686274
1971,217,3.5098039215686274
1972,217,3.5098039215686274
1973,217,3.5098039215686274
1974,217,3.5098039215686274
1975,217,3.5098039215686274
1976,217,3.5098039215686274
1977,217,3.5098039215686274
1978,217,3.5098039215686274
1979,217,3.5098039215686274
1980,217,3.5098039215686274
1981,217,3.5098039215686274
1982,217,3.5098039215686274
1983,217,3.5098039215686274
1984,217,3.5098039215686274
1985,217,3.5098039215686274
1986,217,3.5098039215686274
1987,217,3.5098039215686274
1988,217,3.5098039215686274
1989,217,3.5098039215686274
1990,217,3.5098039215686274
1991,217,3.5098039215686274
1992,217,3.5098039215686274
1993,217,3.5098039215686274
1994,217,3.5098039215686274
1995,217,3.5098039215686274
1996,217,3.5098039215686274
1997,217,3.5098039215686274
1998,217,3.5098039215686274
1999,217,3.5098039215686274
2000,217,3.5098039215686274
2001,217,3.5098039215686274
2002,217,3.5098039215686274
2003,217,3.5098039215686274
2004,217,3.5098039215686274
2005,217,3.5098039215686274
2006,217,3.5098039215686274
2007,217,3.5098039215686274
2008,217,3.5098039215686274
2009,217,3.5098039215686274
2010,217,3.5098039215686274
2011,217,3.5098039215686274
2012,217,3.5098039215686274
2013,217,3.5098039215686274
2014,217,3.5098039215686274
2015,217,3.5098039215686274
2016,217,3.5098039215686274
2017,217,3.5098039215686274
2018,217,3.5098039215686274
2019,217,3.5098039215686274
2020,217,3.5098039215686274
2021,217,3.5098039215686274
2022,217,3.5098039215686274
2023,217,3.5098039215686274
2024,217,3.5098039215686274
2025,217,3.5098039215686274
2026,217,3.5098039215686274
2027,217,3.5098039215686274
2028,217,3.5098039215686274
2029,217,3.5098039215686274
2030,217,3.5098039215686274
2031,217,3.5098039215686274
2032,217,3.5098039215686274
2033,217,3.5098039215686274
2034,217,3.5098039215686274
2035,217,3.5098039215686274
2036,217,3.5098039215686274
2037,217,3.5098039215686274
2038,217,3.5098039215686274
2039,217,3.5098039215686274
2040,217,3.5098039215686274
2041,217,3.5098039215686274
2042,217,3.5098039215686274
2043,217,3.5098039215686274
2044,217,3.5098039215686274
2045,217,3.5098039215686274
2046,217,3.5098039215686274
2047,217,3.5098039215686274
